,Id,Label
0,128763602,kennectdubz
1,1203326547207303168,4nzekmp
2,919843327,tsasproject
3,1105425115523645440,gorickyretro
4,412744388,iCarliiii7
5,592369986,DJSTICKYFANGAZ
6,779436493060251648,SealFurCoat
7,1129767475,ragenation333
8,1102413102820155393,PrettyFnSweet
9,210713176,annayvettemusic
10,1189333712636395520,ConsciousPMusic
11,1301203801198809091,AlternatumEDM
12,1299132619574177793,Imamebruh
13,1243425315566702602,bulletproofkrew
14,971428246003814402,TechnoThawt
15,48579100,marblzp
16,961042571144282112,Bubbleicious13
17,604594918,dirtysnatchauk
18,88780920,jaire96
19,1388054725271166976,DEFIANCE_DNB_
20,1091124855880114177,billymayssteps1
21,134181008,digitallcaveman
22,4576348574,DubQueenAbs
23,63965750,DracoMenda
24,404310074,AlexKidwell47
25,3119994833,AllTimeEDM
26,2186786529,9_mcg
27,427055339,bunniculadubs
28,4539645036,shatakshi_joshi
29,987050412434898944,TsunamixEDM
30,1158080894743302149,bdvbzmusic
31,1366165879063388161,clpatsch8
32,1343230950147284996,OpheliaFamily
33,392210827,Jessicalovesfam
34,1150175735392493569,imaakase
35,96680596,morgvntvylor
36,1237116318,_flormaga
37,187969571,revvrendmusic
38,753882290,realiityshiift
39,1056264018774523904,itsashriot
40,336285655,eWINNINGw
41,82160101,famesoundss
42,4638760040,iaminverness
43,1052017322641174528,luxsynth
44,1290446485029638144,NightDazeFest
